Refit Value,Execution Time (s),MAPE,Degradation Metric
169,0.0008630752563476562,0.11192889012674942,7
184,0.0005650520324707031,0.07086605809412493,8
199,0.00040078163146972656,0.08019148580256644,5
